{"cameraMode":{"drawMode":0,"name":"Shaded","section":"Shading Mode"},"sceneLighting":false,"audioPlay":false,"sceneViewState":{"m_AlwaysRefresh":false,"showFog":true,"showSkybox":false,"showFlares":true,"showImageEffects":true,"showParticleSystems":true,"showVisualEffectGraphs":true,"m_FxEnabled":true},"in2DMode":false,"pivot":{"x":0.0024715622421354057,"y":-0.0006196205504238606,"z":-0.0007759835571050644},"rotation":{"x":0.12090939283370972,"y":0.12031587213277817,"z":-0.014707319438457489,"w":0.9852849245071411},"size":0.015161581337451935,"orthographic":false}