{"cameraMode":{"drawMode":0,"name":"Shaded","section":"Shading Mode"},"sceneLighting":true,"audioPlay":false,"sceneViewState":{"m_AlwaysRefresh":false,"showFog":true,"showSkybox":true,"showFlares":true,"showImageEffects":true,"showParticleSystems":true,"showVisualEffectGraphs":true,"m_FxEnabled":true},"in2DMode":false,"pivot":{"x":-0.255472332239151,"y":-0.07053478807210922,"z":0.3219032287597656},"rotation":{"x":-0.011573737487196923,"y":0.9404212236404419,"z":-0.33829060196876528,"w":-0.03217398375272751},"size":0.013127227313816548,"orthographic":false}