{"cameraMode":{"drawMode":0,"name":"Shaded","section":"Shading Mode"},"sceneLighting":true,"audioPlay":false,"sceneViewState":{"m_AlwaysRefresh":false,"showFog":true,"showSkybox":true,"showFlares":true,"showImageEffects":true,"showParticleSystems":true,"showVisualEffectGraphs":true,"m_FxEnabled":true},"in2DMode":false,"pivot":{"x":-0.02951260656118393,"y":-0.1368248015642166,"z":0.13179512321949006},"rotation":{"x":0.1769334375858307,"y":-0.017715947702527047,"z":0.0031847087666392328,"w":0.9840640425682068},"size":0.14576706290245057,"orthographic":false}