{"cameraMode":{"drawMode":0,"name":"Shaded","section":"Shading Mode"},"sceneLighting":true,"audioPlay":false,"sceneViewState":{"m_AlwaysRefresh":false,"showFog":true,"showSkybox":true,"showFlares":true,"showImageEffects":true,"showParticleSystems":true,"showVisualEffectGraphs":true,"m_FxEnabled":true},"in2DMode":false,"pivot":{"x":-0.5889355540275574,"y":-0.8984857797622681,"z":0.7602360248565674},"rotation":{"x":-0.2917100489139557,"y":0.2967601418495178,"z":-0.09564046561717987,"w":-0.9042894840240479},"size":0.8212496042251587,"orthographic":false}