{"cameraMode":{"drawMode":0,"name":"Shaded","section":"Shading Mode"},"sceneLighting":false,"audioPlay":false,"sceneViewState":{"m_AlwaysRefresh":false,"showFog":true,"showSkybox":false,"showFlares":true,"showImageEffects":true,"showParticleSystems":true,"showVisualEffectGraphs":true,"m_FxEnabled":true},"in2DMode":false,"pivot":{"x":-0.14283910393714906,"y":-0.0013338401913642884,"z":-0.07566197961568833},"rotation":{"x":0.23124107718467713,"y":0.018970124423503877,"z":-0.004509917460381985,"w":0.972702145576477},"size":0.05196152999997139,"orthographic":false}