{"cameraMode":{"drawMode":0,"name":"Shaded","section":"Shading Mode"},"sceneLighting":true,"audioPlay":false,"sceneViewState":{"m_AlwaysRefresh":false,"showFog":true,"showSkybox":true,"showFlares":true,"showImageEffects":true,"showParticleSystems":true,"showVisualEffectGraphs":true,"m_FxEnabled":true},"in2DMode":false,"pivot":{"x":0.12368513643741608,"y":0.3746793866157532,"z":1.050947666168213},"rotation":{"x":0.007189527619630098,"y":0.005098078865557909,"z":0.00003732272671186365,"w":-0.9999709129333496},"size":0.4224364459514618,"orthographic":false}