{"cameraMode":{"drawMode":0,"name":"Shaded","section":"Shading Mode"},"sceneLighting":true,"audioPlay":false,"sceneViewState":{"m_AlwaysRefresh":false,"showFog":true,"showSkybox":true,"showFlares":true,"showImageEffects":true,"showParticleSystems":true,"showVisualEffectGraphs":true,"m_FxEnabled":true},"in2DMode":false,"pivot":{"x":0.06115247309207916,"y":-0.7878698706626892,"z":0.7497948408126831},"rotation":{"x":0.39199963212013247,"y":0.019317086786031724,"z":-0.008233197033405304,"w":0.9197260737419128},"size":0.5248845815658569,"orthographic":false}