{"cameraMode":{"drawMode":0,"name":"Shaded","section":"Shading Mode"},"sceneLighting":true,"audioPlay":false,"sceneViewState":{"m_AlwaysRefresh":false,"showFog":true,"showSkybox":true,"showFlares":true,"showImageEffects":true,"showParticleSystems":true,"showVisualEffectGraphs":true,"m_FxEnabled":true},"in2DMode":false,"pivot":{"x":0.09088966995477677,"y":1.4547778367996216,"z":0.8719819784164429},"rotation":{"x":-0.024259524419903756,"y":-0.054276242852211,"z":0.0013422787887975574,"w":-0.9982895255088806},"size":0.6253659725189209,"orthographic":false}