{"cameraMode":{"drawMode":0,"name":"Shaded","section":"Shading Mode"},"sceneLighting":true,"audioPlay":false,"sceneViewState":{"m_AlwaysRefresh":false,"showFog":true,"showSkybox":true,"showFlares":true,"showImageEffects":true,"showParticleSystems":true,"showVisualEffectGraphs":true,"m_FxEnabled":true},"in2DMode":false,"pivot":{"x":-0.20586802065372468,"y":-0.14922559261322022,"z":1.437341570854187},"rotation":{"x":-0.1538318246603012,"y":0.20210111141204835,"z":-0.032160401344299319,"w":-0.9666831493377686},"size":0.07725070416927338,"orthographic":false}