{"cameraMode":{"drawMode":0,"name":"Shaded","section":"Shading Mode"},"sceneLighting":false,"audioPlay":false,"sceneViewState":{"m_AlwaysRefresh":false,"showFog":true,"showSkybox":false,"showFlares":true,"showImageEffects":true,"showParticleSystems":true,"showVisualEffectGraphs":true,"m_FxEnabled":true},"in2DMode":false,"pivot":{"x":-0.5002810955047607,"y":0.14970038831233979,"z":0.5896657705307007},"rotation":{"x":0.1375780999660492,"y":0.2748515009880066,"z":-0.039764054119586948,"w":0.9507951140403748},"size":0.2967996597290039,"orthographic":false}