{"cameraMode":{"drawMode":0,"name":"Shaded","section":"Shading Mode"},"sceneLighting":false,"audioPlay":false,"sceneViewState":{"m_AlwaysRefresh":false,"showFog":true,"showSkybox":false,"showFlares":true,"showImageEffects":true,"showParticleSystems":true,"showVisualEffectGraphs":true,"m_FxEnabled":true},"in2DMode":false,"pivot":{"x":-0.39782434701919558,"y":1.6010446548461915,"z":1.4817830324172974},"rotation":{"x":0.21542923152446748,"y":-0.3059072196483612,"z":0.07126353681087494,"w":0.9246507287025452},"size":0.04901597648859024,"orthographic":false}