{"cameraMode":{"drawMode":0,"name":"Shaded","section":"Shading Mode"},"sceneLighting":false,"audioPlay":false,"sceneViewState":{"m_AlwaysRefresh":false,"showFog":true,"showSkybox":false,"showFlares":true,"showImageEffects":true,"showParticleSystems":true,"showVisualEffectGraphs":true,"m_FxEnabled":true},"in2DMode":false,"pivot":{"x":0.5352676510810852,"y":-0.058283597230911258,"z":-0.1828111708164215},"rotation":{"x":-0.11310690641403198,"y":-0.362488329410553,"z":0.04438677057623863,"w":-0.9241054058074951},"size":0.0314035639166832,"orthographic":false}