{"cameraMode":{"drawMode":0,"name":"Shaded","section":"Shading Mode"},"sceneLighting":false,"audioPlay":false,"sceneViewState":{"m_AlwaysRefresh":false,"showFog":true,"showSkybox":false,"showFlares":true,"showImageEffects":true,"showParticleSystems":true,"showVisualEffectGraphs":true,"m_FxEnabled":true},"in2DMode":false,"pivot":{"x":0.37741783261299136,"y":0.6897114515304565,"z":0.28295987844467165},"rotation":{"x":-0.01750101149082184,"y":-0.9825148582458496,"z":0.1259501725435257,"w":-0.13643543422222138},"size":0.2804664671421051,"orthographic":false}